stockname;price;price_date;industry
CNO Financial Group, Inc.;€392.83;20.06.20;Accident &Health Insurance
CNO Financial Group, Inc.;€489.77;23.04.21;Accident &Health Insurance
Aflac Incorporated;€401.51;19.12.20;Accident &Health Insurance
Interpublic Group of Companies, Inc. (The);€405.02;28.08.20;Advertising
National CineMedia, Inc.;€383.77;27.09.20;Advertising
Cogint, Inc.;€129.51;09.09.20;Advertising
Angie's List, Inc.;€398.72;22.05.20;Advertising
KLX Inc.;€275.77;05.08.20;Aerospace
KLX Inc.;€178.36;13.03.21;Aerospace
China Green Agriculture, Inc.;€281.53;25.04.21;Agricultural Chemicals
Syngenta AG;€530.81;24.08.20;Agricultural Chemicals
Syngenta AG;€146.02;07.01.21;Agricultural Chemicals
CF Industries Holdings, Inc.;€378.2;27.05.20;Agricultural Chemicals
Copa Holdings, S.A.;€255.21;20.08.20;Air Freight/Delivery Services
China Southern Airlines Company Limited;€87.9;19.01.21;Air Freight/Delivery Services
Gol Linhas Aereas Inteligentes S.A.;€466.4;27.09.20;Air Freight/Delivery Services
Century Aluminum Company;€217.61;24.08.20;Aluminum
Under Armour, Inc.;€126.29;20.09.20;Apparel
KBS Fashion Group Limited;€337.66;18.01.21;Apparel
Kate Spade & Company;€101.2;09.12.20;Apparel
Wabco Holdings Inc.;€66.25;22.06.20;Auto Manufacturing
Fiat Chrysler Automobiles N.V.;€328.55;09.03.21;Auto Manufacturing
Tower International, Inc.;€477.17;13.04.21;Auto Parts:O.E.M.
Honeywell International Inc.;€81.36;30.04.21;Auto Parts:O.E.M.
Delphi Automotive plc;€597.95;18.04.21;Auto Parts:O.E.M.
BorgWarner Inc.;€236.86;31.07.20;Auto Parts:O.E.M.
Commercial Vehicle Group, Inc.;€244.89;21.11.20;Auto Parts:O.E.M.
Superior Industries International, Inc.;€554.57;13.02.21;Auto Parts:O.E.M.
Tenneco Inc.;€507.81;06.11.20;Auto Parts:O.E.M.
Murphy USA Inc.;€239.66;07.03.21;Automotive Aftermarket
Heritage Financial Corporation;€582.27;22.03.21;Banks
FS Bancorp, Inc.;€399.71;27.08.20;Banks
PCSB Financial Corporation;€534.22;15.03.21;Banks
National Beverage Corp.;€303.08;24.12.20;Beverages (Production/Distribution)
Long Island Iced Tea Corp.;€299.08;11.11.20;Beverages (Production/Distribution)
Cott Corporation;€201.1;03.10.20;Beverages (Production/Distribution)
Spark Therapeutics, Inc.;€586.63;24.04.21;Biotechnology: Biological Products (No Diagnostic Substances)
LEAP THERAPEUTICS, INC.;€505.98;26.03.21;Biotechnology: Biological Products (No Diagnostic Substances)
Amgen Inc.;€494.84;15.03.21;Biotechnology: Biological Products (No Diagnostic Substances)
Adverum Biotechnologies, Inc.;€449.55;22.08.20;Biotechnology: Biological Products (No Diagnostic Substances)
PDL BioPharma, Inc.;€581.83;03.10.20;Biotechnology: Biological Products (No Diagnostic Substances)
Cellectis S.A.;€234.76;27.12.20;Biotechnology: Biological Products (No Diagnostic Substances)
Qiagen N.V.;€440.77;15.08.20;Biotechnology: Biological Products (No Diagnostic Substances)
TrovaGene, Inc.;€243.11;26.10.20;Biotechnology: Biological Products (No Diagnostic Substances)
Adaptimmune Therapeutics plc;€79.3;05.05.20;Biotechnology: Biological Products (No Diagnostic Substances)
Voyager Therapeutics, Inc.;€316.93;23.06.20;Biotechnology: Biological Products (No Diagnostic Substances)
NanoString Technologies, Inc.;€109.29;28.06.20;Biotechnology: Biological Products (No Diagnostic Substances)
PRA Health Sciences, Inc.;€408.32;24.10.20;Biotechnology: Commercial Physical & Biological Resarch
PAREXEL International Corporation;€145.2;19.02.21;Biotechnology: Commercial Physical & Biological Resarch
Intrexon Corporation;€427.71;26.01.21;Biotechnology: Commercial Physical & Biological Resarch
Albany Molecular Research, Inc.;€455.21;15.06.20;Biotechnology: Commercial Physical & Biological Resarch
Albany Molecular Research, Inc.;€370.45;13.02.21;Biotechnology: Commercial Physical & Biological Resarch
ICON plc;€137.41;16.02.21;Biotechnology: Commercial Physical & Biological Resarch
Senomyx, Inc.;€296.97;24.07.20;Biotechnology: Commercial Physical & Biological Resarch
INC Research Holdings, Inc.;€510.44;03.01.21;Biotechnology: Commercial Physical & Biological Resarch
Meridian Bioscience Inc.;€320.34;24.09.20;Biotechnology: In Vitro & In Vivo Diagnostic Substances
Vermillion, Inc.;€405.09;01.06.20;Biotechnology: In Vitro & In Vivo Diagnostic Substances
ARCA biopharma, Inc.;€392.11;01.04.21;Biotechnology: In Vitro & In Vivo Diagnostic Substances
Integra LifeSciences Holdings Corporation;€262.77;08.12.20;Biotechnology: Laboratory Analytical Instruments
Accelerate Diagnostics, Inc.;€442.51;02.01.21;Biotechnology: Laboratory Analytical Instruments
PerkinElmer, Inc.;€149.36;07.10.20;Biotechnology: Laboratory Analytical Instruments
Agilent Technologies, Inc.;€375.45;10.06.20;Biotechnology: Laboratory Analytical Instruments
Fluidigm Corporation;€211.94;02.09.20;Biotechnology: Laboratory Analytical Instruments
pSivida Corp.;€291.0;25.12.20;Biotechnology: Laboratory Analytical Instruments
Pearson, Plc;€465.54;19.03.21;Books
Tribune Media Company;€147.4;01.09.20;Broadcasting
Entravision Communications Corporation;€541.7;13.06.20;Broadcasting
CBS Corporation;€72.88;16.10.20;Broadcasting
Sinclair Broadcast Group, Inc.;€167.34;10.01.21;Broadcasting
Entercom Communications Corporation;€360.32;29.05.20;Broadcasting
Grupo Televisa S.A.;€324.5;09.01.21;Broadcasting
James Hardie Industries plc.;€115.95;30.11.20;Building Materials
Acuity Brands Inc;€569.6;26.12.20;Building Products
Acuity Brands Inc;€540.95;08.10.20;Building Products
Easterly Acquisition Corp.;€219.13;12.08.20;Building Products
FinTech Acquisition Corp. II;€474.67;17.10.20;Business Services
FinTech Acquisition Corp. II;€192.82;01.02.21;Business Services
HealthEquity, Inc.;€560.77;17.11.20;Business Services
GTY Technology Holdings, Inc.;€451.63;14.01.21;Business Services
LendingClub Corporation;€375.69;26.02.21;Business Services
Ominto, Inc.;€592.0;25.08.20;Business Services
Vantiv, Inc.;€151.77;21.04.21;Business Services
Liquidity Services, Inc.;€486.41;26.02.21;Business Services
Liquidity Services, Inc.;€262.76;27.10.20;Business Services
WEX Inc.;€329.62;23.10.20;Business Services
WEX Inc.;€178.12;30.05.20;Business Services
WEX Inc.;€329.39;28.01.21;Business Services
Accenture plc;€312.1;30.10.20;Business Services
Accenture plc;€335.48;18.03.21;Business Services
Xerox Corporation;€573.75;28.04.21;Business Services
Xerox Corporation;€167.51;05.02.21;Business Services
Origo Acquisition Corporation;€591.27;22.10.20;Business Services
China Recycling Energy Corporation;€301.34;31.07.20;Business Services
Stamps.com Inc.;€145.6;18.08.20;Business Services
Boulevard Acquisition Corp. II;€365.25;14.04.21;Business Services
Silver Run Acquisition Corporation II;€74.2;13.08.20;Business Services
Silver Run Acquisition Corporation II;€179.99;21.02.21;Business Services
PFSweb, Inc.;€390.08;04.03.21;Business Services
Cotiviti Holdings, Inc.;€530.79;21.01.21;Business Services
Pacific Special Acquisition Corp.;€231.15;20.01.21;Business Services
National Energy Services Reunited Corp.;€540.34;20.11.20;Business Services
Forum Merger Corporation;€503.65;30.03.21;Business Services
Matlin & Partners Acquisition Corporation;€274.09;05.11.20;Business Services
QIWI plc;€401.16;01.01.21;Business Services
TriNet Group, Inc.;€98.41;11.05.20;Business Services
Modern Media Acquisition Corp.;€524.61;02.06.20;Business Services
Points International, Ltd.;€376.12;17.12.20;Business Services
Visa Inc.;€569.08;01.12.20;Business Services
EVINE Live Inc.;€128.08;27.09.20;Catalog/Specialty Distribution
EVINE Live Inc.;€367.81;04.03.21;Catalog/Specialty Distribution
LightInTheBox Holding Co., Ltd.;€510.01;30.12.20;Catalog/Specialty Distribution
NutriSystem Inc;€228.68;05.08.20;Catalog/Specialty Distribution
Shoe Carnival, Inc.;€112.3;04.01.21;Clothing/Shoe/Accessory Stores
Abercrombie & Fitch Company;€461.03;03.03.21;Clothing/Shoe/Accessory Stores
Stein Mart, Inc.;€564.28;01.07.20;Clothing/Shoe/Accessory Stores
Tailored Brands, Inc.;€422.02;20.01.21;Clothing/Shoe/Accessory Stores
New York & Company, Inc.;€193.02;07.04.21;Clothing/Shoe/Accessory Stores
Warrior Met Coal, Inc.;€293.06;07.01.21;Coal Mining
Arch Coal, Inc.;€320.42;16.07.20;Coal Mining
Toronto Dominion Bank (The);€423.94;17.02.21;Commercial Banks
iPath US Treasury Flattener ETN;€324.65;17.08.20;Commercial Banks
Peapack-Gladstone Financial Corporation;€589.69;29.11.20;Commercial Banks
Banco De Chile;€311.42;08.11.20;Commercial Banks
Banco De Chile;€406.58;15.08.20;Commercial Banks
Grupo Financiero Santander Mexico S.A. B. de C.V.;€420.13;01.08.20;Commercial Banks
Barclays Inverse US Treasury Composite ETN;€474.11;28.12.20;Commercial Banks
Mitsubishi UFJ Financial Group Inc;€391.26;18.08.20;Commercial Banks
Royal Bank Scotland plc (The);€110.39;08.12.20;Commercial Banks
HDFC Bank Limited;€432.76;10.02.21;Commercial Banks
Grupo Supervielle S.A.;€405.92;28.10.20;Commercial Banks
Digi International Inc.;€247.23;20.09.20;Computer Communications Equipment
Black Box Corporation;€115.55;12.01.21;Computer Communications Equipment
Silver Spring Networks, Inc.;€120.51;02.10.20;Computer Communications Equipment
B.O.S. Better Online Solutions;€194.91;02.12.20;Computer Communications Equipment
Juniper Networks, Inc.;€292.94;28.06.20;Computer Communications Equipment
Extreme Networks, Inc.;€95.97;22.06.20;Computer Communications Equipment
F5 Networks, Inc.;€178.63;01.09.20;Computer Communications Equipment
Concurrent Computer Corporation;€155.64;18.06.20;Computer Manufacturing
Concurrent Computer Corporation;€96.86;05.10.20;Computer Manufacturing
Dell Technologies Inc.;€85.03;30.07.20;Computer Manufacturing
Key Tronic Corporation;€440.84;02.05.20;Computer peripheral equipment
Radcom Ltd.;€95.19;24.03.21;Computer peripheral equipment
Blackbaud, Inc.;€238.22;28.08.20;Computer Software: Prepackaged Software
Sapiens International Corporation N.V.;€454.55;09.12.20;Computer Software: Prepackaged Software
Great Elm Capital Group, Inc. ;€59.43;15.12.20;Computer Software: Prepackaged Software
SPS Commerce, Inc.;€200.61;03.08.20;Computer Software: Prepackaged Software
SPS Commerce, Inc.;€106.63;11.04.21;Computer Software: Prepackaged Software
CommerceHub, Inc.;€328.96;12.06.20;Computer Software: Prepackaged Software
NetSol Technologies Inc.;€496.77;15.07.20;Computer Software: Prepackaged Software
My Size, Inc.;€450.92;19.03.21;Computer Software: Prepackaged Software
Synopsys, Inc.;€588.48;29.04.21;Computer Software: Prepackaged Software
Upland Software, Inc.;€133.12;13.12.20;Computer Software: Prepackaged Software
Guidewire Software, Inc.;€412.14;04.01.21;Computer Software: Prepackaged Software
SS&C Technologies Holdings, Inc.;€175.75;26.03.21;Computer Software: Prepackaged Software
Gridsum Holding Inc.;€116.5;20.12.20;Computer Software: Prepackaged Software
Datawatch Corporation;€185.05;21.08.20;Computer Software: Prepackaged Software
BroadVision, Inc.;€547.74;22.03.21;Computer Software: Prepackaged Software
Fusion Telecommunications International, Inc.;€501.2;16.10.20;Computer Software: Prepackaged Software
Box, Inc.;€99.43;31.01.21;Computer Software: Prepackaged Software
Check Point Software Technologies Ltd.;€220.42;09.03.21;Computer Software: Prepackaged Software
MAM Software Group, Inc.;€482.82;18.05.20;Computer Software: Prepackaged Software
MicroStrategy Incorporated;€120.54;11.11.20;Computer Software: Prepackaged Software
Guidance Software, Inc.;€51.21;29.04.21;Computer Software: Prepackaged Software
Aware, Inc.;€165.83;03.12.20;Computer Software: Prepackaged Software
Electronic Arts Inc.;€484.6;20.11.20;Computer Software: Prepackaged Software
Model N, Inc.;€312.24;14.07.20;Computer Software: Programming, Data Processing
Facebook, Inc.;€129.75;03.10.20;Computer Software: Programming, Data Processing
58.com Inc.;€78.16;14.03.21;Computer Software: Programming, Data Processing
ChinaNet Online Holdings, Inc.;€228.69;05.12.20;Computer Software: Programming, Data Processing
Astec Industries, Inc.;€177.69;15.07.20;Construction/Ag Equipment/Trucks
Whirlpool Corporation;€239.29;25.10.20;Consumer Electronics/Appliances
General Electric Company;€186.69;12.06.20;Consumer Electronics/Appliances
SodaStream International Ltd.;€489.87;04.04.21;Consumer Electronics/Appliances
Packaging Corporation of America;€437.29;02.02.21;Containers/Packaging
Westrock Company;€565.34;29.12.20;Containers/Packaging
Avery Dennison Corporation;€520.1;28.08.20;Containers/Packaging
Kohl's Corporation;€162.88;25.03.21;Department/Specialty Retail Stores
Cencosud S.A.;€581.1;28.05.20;Department/Specialty Retail Stores
Textainer Group Holdings Limited;€504.43;12.09.20;Diversified Commercial Services
McGrath RentCorp;€98.08;02.06.20;Diversified Commercial Services
Luxoft Holding, Inc.;€127.69;26.08.20;EDP Services
Streamline Health Solutions, Inc.;€206.56;22.12.20;EDP Services
Agilysys, Inc.;€174.22;02.06.20;EDP Services
NetScout Systems, Inc.;€486.23;04.10.20;EDP Services
Fiserv, Inc.;€279.68;30.11.20;EDP Services
Synchronoss Technologies, Inc.;€354.0;18.06.20;EDP Services
Inpixon ;€62.27;03.05.20;EDP Services
Aerohive Networks, Inc.;€120.74;06.07.20;EDP Services
NantHealth, Inc.;€64.83;17.02.21;EDP Services
Zix Corporation;€75.15;07.09.20;EDP Services
CACI International, Inc.;€448.47;13.11.20;EDP Services
Glu Mobile Inc.;€104.72;01.05.21;EDP Services
Sykes Enterprises, Incorporated;€230.29;22.04.21;EDP Services
Empresa Distribuidora Y Comercializadora Norte S.A. (Edenor);€308.73;27.03.21;Electric Utilities: Central
Atlantic Power Corporation;€584.01;06.11.20;Electric Utilities: Central
Atlantic Power Corporation;€529.41;20.05.20;Electric Utilities: Central
Korea Electric Power Corporation;€434.64;05.06.20;Electric Utilities: Central
Centrais Electricas Brasileiras S.A.- Eletrobras;€257.13;30.04.21;Electric Utilities: Central
Tennessee Valley Authority;€151.27;04.02.21;Electric Utilities: Central
Tennessee Valley Authority;€186.71;03.01.21;Electric Utilities: Central
Dominion Energy, Inc.;€194.75;10.01.21;Electric Utilities: Central
Dominion Energy, Inc.;€107.57;04.06.20;Electric Utilities: Central
Entergy Louisiana, Inc.;€311.61;15.05.20;Electric Utilities: Central
Enel Americas S.A.;€121.51;25.03.21;Electric Utilities: Central
DTE Energy Company;€444.29;09.01.21;Electric Utilities: Central
Entergy Texas Inc;€277.24;23.11.20;Electric Utilities: Central
Azure Power Global Limited;€313.76;11.02.21;Electric Utilities: Central
Pinnacle West Capital Corporation;€351.63;19.06.20;Electric Utilities: Central
Benchmark Electronics, Inc.;€426.46;25.01.21;Electrical Products
ABB Ltd;€442.91;26.02.21;Electrical Products
Teradyne, Inc.;€550.35;22.03.21;Electrical Products
Transcat, Inc.;€595.91;19.01.21;Electrical Products
SMTC Corporation;€88.87;23.03.21;Electrical Products
RF Industries, Ltd.;€498.66;23.08.20;Electrical Products
Vishay Precision Group, Inc.;€243.86;07.03.21;Electrical Products
Park Electrochemical Corporation;€476.23;17.02.21;Electrical Products
Bel Fuse Inc.;€364.55;05.02.21;Electrical Products
Avnet, Inc.;€553.14;21.11.20;Electronic Components
Nova Measuring Instruments Ltd.;€72.11;24.08.20;Electronic Components
Richardson Electronics, Ltd.;€589.13;09.04.21;Electronic Components
Richardson Electronics, Ltd.;€331.4;04.09.20;Electronic Components
CyberOptics Corporation;€195.41;24.09.20;Electronic Components
IES Holdings, Inc.;€285.28;27.03.21;Engineering & Construction
Layne Christensen Company;€299.26;02.09.20;Engineering & Construction
Universal Corporation;€281.3;07.02.21;Farming/Seeds/Milling
Alliance One International, Inc.;€307.24;04.08.20;Farming/Seeds/Milling
Altria Group;€506.16;20.07.20;Farming/Seeds/Milling
PPlus Trust;€238.79;18.03.21;Finance: Consumer Services
Select Asset Inc.;€561.61;08.01.21;Finance: Consumer Services
Credit Acceptance Corporation;€256.79;09.02.21;Finance: Consumer Services
STRATS Trust;€549.68;20.09.20;Finance: Consumer Services
AllianzGI NFJ Dividend, Interest & Premium Strategy Fund;€538.5;25.04.21;Finance: Consumer Services
Lehman ABS Corporation;€519.65;11.04.21;Finance: Consumer Services
MS Structured Asset Corp Saturns GE Cap Corp Series 2002-14;€506.32;15.01.21;Finance: Consumer Services
PRA Group, Inc.;€84.3;12.04.21;Finance: Consumer Services
SLM Corporation;€497.16;16.03.21;Finance: Consumer Services
NewStar Financial, Inc.;€159.95;08.07.20;Finance: Consumer Services
Safeguard Scientifics, Inc.;€580.73;21.01.21;Finance/Investors Services
Arlington Asset Investment Corp;€345.08;13.10.20;Finance/Investors Services
Ampco-Pittsburgh Corporation;€321.64;06.08.20;Fluid Controls
Gorman-Rupp Company (The);€504.2;05.07.20;Fluid Controls
Weis Markets, Inc.;€303.13;26.12.20;Food Chains
iFresh Inc.;€347.32;13.07.20;Food Chains
Kroger Company (The);€248.68;12.06.20;Food Chains
United Natural Foods, Inc.;€474.11;16.06.20;Food Distributors
Performance Food Group Company;€263.99;19.08.20;Food Distributors
Norbord Inc.;€550.71;19.01.21;Forest Products
Patrick Industries, Inc.;€568.8;18.02.21;Forest Products
Helen of Troy Limited;€527.16;17.11.20;Home Furnishings
Stanley Furniture Company, Inc.;€149.81;16.06.20;Home Furnishings
Bassett Furniture Industries, Incorporated;€111.89;19.04.21;Home Furnishings
Bed Bath & Beyond Inc.;€500.43;28.12.20;Home Furnishings
Bed Bath & Beyond Inc.;€250.79;12.07.20;Home Furnishings
Nova Lifestyle, Inc;€517.47;30.06.20;Home Furnishings
Toll Brothers Inc.;€483.47;16.03.21;Homebuilding
Toll Brothers Inc.;€451.97;08.09.20;Homebuilding
Taylor Morrison Home Corporation;€101.49;22.02.21;Homebuilding
Century Communities, Inc.;€303.65;26.11.20;Homebuilding
Stratus Properties Inc.;€365.23;23.09.20;Homebuilding
TRI Pointe Group, Inc.;€215.0;28.02.21;Homebuilding
D.R. Horton, Inc.;€154.07;10.11.20;Homebuilding
LifePoint Health, Inc.;€313.84;09.08.20;Hospital/Nursing Management
HealthSouth Corporation;€323.48;28.04.21;Hospital/Nursing Management
Genesis Healthcare, Inc.;€107.44;07.07.20;Hospital/Nursing Management
Fresenius Medical Care Corporation;€353.23;31.12.20;Hospital/Nursing Management
Magellan Health, Inc.;€226.54;15.09.20;Hospital/Nursing Management
Melco Resorts & Entertainment Limited;€459.24;06.02.21;Hotels/Resorts
Red Lion Hotels Corporation;€139.06;03.09.20;Hotels/Resorts
Penn National Gaming, Inc.;€452.75;04.11.20;Hotels/Resorts
Las Vegas Sands Corp.;€411.19;11.10.20;Hotels/Resorts
Century Casinos, Inc.;€424.19;28.04.21;Hotels/Resorts
Civeo Corporation;€181.68;12.04.21;Hotels/Resorts
Playa Hotels & Resorts N.V.;€521.7;24.03.21;Hotels/Resorts
Kennametal Inc.;€433.54;31.12.20;Industrial Machinery/Components
Microvision, Inc.;€545.42;04.12.20;Industrial Machinery/Components
Electro-Sensors, Inc.;€90.7;23.02.21;Industrial Machinery/Components
Electro-Sensors, Inc.;€92.71;04.11.20;Industrial Machinery/Components
Illinois Tool Works Inc.;€116.37;21.12.20;Industrial Machinery/Components
Fortive Corporation;€456.46;30.03.21;Industrial Machinery/Components
Briggs & Stratton Corporation;€542.79;07.05.20;Industrial Machinery/Components
Plug Power, Inc.;€564.02;29.12.20;Industrial Machinery/Components
John Bean Technologies Corporation;€494.74;31.07.20;Industrial Machinery/Components
Amtech Systems, Inc.;€223.31;24.02.21;Industrial Machinery/Components
Danaher Corporation;€63.0;09.03.21;Industrial Machinery/Components
The ExOne Company;€549.76;29.03.21;Industrial Machinery/Components
Art's-Way Manufacturing Co., Inc.;€345.21;09.10.20;Industrial Machinery/Components
Sensata Technologies Holding N.V.;€108.29;31.12.20;Industrial Machinery/Components
Cubic Corporation;€117.73;20.10.20;Industrial Machinery/Components
Eastern Company (The);€173.16;17.12.20;Industrial Machinery/Components
Novanta Inc.;€217.84;30.05.20;Industrial Machinery/Components
Handy & Harman Ltd.;€117.61;03.02.21;Industrial Specialties
Wright Medical Group N.V.;€551.63;21.10.20;Industrial Specialties
Skyline Medical Inc.;€110.83;16.03.21;Industrial Specialties
Invacare Corporation;€125.04;27.07.20;Industrial Specialties
Park-Ohio Holdings Corp.;€153.41;24.07.20;Industrial Specialties
Willis Lease Finance Corporation;€340.13;14.07.20;Industrial Specialties
Lawson Products, Inc.;€159.68;23.10.20;Industrial Specialties
RTI Surgical, Inc.;€461.66;13.03.21;Industrial Specialties
Materion Corporation;€376.55;28.09.20;Industrial Specialties
Alon USA Energy, Inc.;€374.65;20.09.20;Integrated oil Companies
Suncor Energy  Inc.;€364.88;13.06.20;Integrated oil Companies
Tesoro Corporation;€403.63;18.06.20;Integrated oil Companies
BP Prudhoe Bay Royalty Trust;€89.01;21.11.20;Integrated oil Companies
HollyFrontier Corporation;€88.26;02.12.20;Integrated oil Companies
CVR Refining, LP;€535.69;12.01.21;Integrated oil Companies
Calumet Specialty Products Partners, L.P.;€139.6;31.10.20;Integrated oil Companies
Calumet Specialty Products Partners, L.P.;€453.6;04.03.21;Integrated oil Companies
Global Brokerage, Inc.;€78.45;20.03.21;Investment Bankers/Brokers/Service
VelocityShares Daily 2x VIX Medium-Term ETN;€431.5;03.10.20;Investment Bankers/Brokers/Service
VelocityShares Daily 2x VIX Medium-Term ETN;€50.55;22.05.20;Investment Bankers/Brokers/Service
Nomura Holdings Inc ADR;€102.92;20.10.20;Investment Bankers/Brokers/Service
Stifel Financial Corporation;€373.32;18.02.21;Investment Bankers/Brokers/Service
Navient Corporation;€354.46;05.06.20;Investment Bankers/Brokers/Service
Oppenheimer Holdings, Inc.;€459.9;09.10.20;Investment Bankers/Brokers/Service
Credit Suisse AG;€332.72;24.03.21;Investment Bankers/Brokers/Service
Hennessy Advisors, Inc.;€320.62;06.11.20;Investment Managers
Westwood Holdings Group Inc;€568.05;19.08.20;Investment Managers
U.S. Global Investors, Inc.;€367.49;06.02.21;Investment Managers
National Western Life Group, Inc.;€304.03;27.09.20;Life Insurance
Manulife Financial Corp;€100.54;21.06.20;Life Insurance
Manulife Financial Corp;€150.23;07.09.20;Life Insurance
Aegon NV;€152.33;30.05.20;Life Insurance
Aegon NV;€109.46;26.10.20;Life Insurance
FBL Financial Group, Inc.;€511.22;19.08.20;Life Insurance
Citizens, Inc.;€326.75;20.06.20;Life Insurance
Reinsurance Group of America, Incorporated;€465.87;02.01.21;Life Insurance
Genworth Financial Inc;€250.96;21.09.20;Life Insurance
Pinnacle Financial Partners, Inc.;€138.49;05.05.20;Major Banks
Farmers Capital Bank Corporation;€149.94;01.03.21;Major Banks
Village Bank and Trust Financial Corp.;€454.45;04.06.20;Major Banks
PrivateBancorp, Inc.;€192.07;17.06.20;Major Banks
National Bank Holdings Corporation;€504.62;25.11.20;Major Banks
ServisFirst Bancshares, Inc.;€192.63;10.10.20;Major Banks
Webster Financial Corporation;€356.97;05.10.20;Major Banks
First Midwest Bancorp, Inc.;€398.5;17.07.20;Major Banks
Washington Federal, Inc.;€168.88;31.08.20;Major Banks
PNC Financial Services Group, Inc. (The);€467.08;16.09.20;Major Banks
PNC Financial Services Group, Inc. (The);€160.96;06.01.21;Major Banks
First Financial Bankshares, Inc.;€248.72;01.12.20;Major Banks
Middlefield Banc Corp.;€442.93;10.09.20;Major Banks
Horizon Bancorp (IN);€346.97;28.07.20;Major Banks
QCR Holdings, Inc.;€161.4;08.07.20;Major Banks
Northwest Bancshares, Inc.;€590.37;31.10.20;Major Banks
Regions Financial Corporation;€81.66;09.01.21;Major Banks
Franklin Financial Network, Inc.;€243.08;09.12.20;Major Banks
Pacific Mercantile Bancorp;€145.21;13.01.21;Major Banks
Wintrust Financial Corporation;€398.6;23.11.20;Major Banks
Seacoast Banking Corporation of Florida;€540.7;05.08.20;Major Banks
Northern Trust Corporation;€309.28;26.05.20;Major Banks
First Community Corporation;€197.06;20.12.20;Major Banks
First Community Corporation;€334.7;22.02.21;Major Banks
First Community Corporation;€288.3;31.03.21;Major Banks
Lakeland Financial Corporation;€71.25;09.11.20;Major Banks
Colony Bankcorp, Inc.;€377.79;05.01.21;Major Banks
Capital Bank Financial Corp.;€492.86;12.10.20;Major Banks
Equity Bancshares, Inc.;€143.03;14.08.20;Major Banks
Prosperity Bancshares, Inc.;€321.32;03.09.20;Major Banks
Century Bancorp, Inc.;€554.92;19.07.20;Major Banks
First BanCorp.;€520.3;29.04.21;Major Banks
HomeTown Bankshares Corporation;€131.63;19.07.20;Major Banks
Community Bank System, Inc.;€54.08;22.11.20;Major Banks
Union Bankshares Corporation;€110.33;30.01.21;Major Banks
Great Western Bancorp, Inc.;€438.8;16.04.21;Major Banks
BOK Financial Corporation;€256.95;12.08.20;Major Banks
First Financial Bancorp.;€250.02;20.03.21;Major Banks
County Bancorp, Inc.;€206.06;23.02.21;Major Banks
East West Bancorp, Inc.;€412.78;23.02.21;Major Banks
Bankwell Financial Group, Inc.;€459.44;12.12.20;Major Banks
Two River Bancorp;€492.91;25.09.20;Major Banks
Old Line Bancshares, Inc.;€272.94;14.03.21;Major Banks
Old Line Bancshares, Inc.;€87.4;21.10.20;Major Banks
Oritani Financial Corp.;€192.87;06.05.20;Major Banks
UMB Financial Corporation;€85.75;18.10.20;Major Banks
MB Financial Inc.;€170.0;13.08.20;Major Banks
WD-40 Company;€552.87;23.06.20;Major Chemicals
Advanced Emissions Solutions, Inc.;€295.06;10.10.20;Major Chemicals
AdvanSix Inc.;€119.47;20.01.21;Major Chemicals
BioAmber Inc.;€413.74;13.04.21;Major Chemicals
Tantech Holdings Ltd.;€104.46;24.08.20;Major Chemicals
PolyOne Corporation;€549.92;13.05.20;Major Chemicals
PolyOne Corporation;€226.51;02.05.20;Major Chemicals
W.R. Grace & Co.;€253.97;27.12.20;Major Chemicals
W.R. Grace & Co.;€238.02;13.09.20;Major Chemicals
Rayonier Advanced Materials Inc.;€259.97;10.03.21;Major Chemicals
Westlake Chemical Partners LP;€206.5;06.07.20;Major Chemicals
A. Schulman, Inc.;€86.66;20.04.21;Major Chemicals
Gulf Resources, Inc.;€348.38;19.09.20;Major Chemicals
Kronos Worldwide Inc;€566.48;14.05.20;Major Chemicals
Kronos Worldwide Inc;€290.63;31.05.20;Major Chemicals
Valhi, Inc.;€454.75;17.03.21;Major Chemicals
KMG Chemicals, Inc.;€556.51;28.09.20;Major Chemicals
Renewable Energy Group, Inc.;€212.18;13.11.20;Major Chemicals
Green Plains, Inc.;€410.59;13.06.20;Major Chemicals
MyoKardia, Inc.;€585.05;04.08.20;Major Pharmaceuticals
Revance Therapeutics, Inc.;€587.33;14.02.21;Major Pharmaceuticals
Cellectar Biosciences, Inc.;€466.26;15.06.20;Major Pharmaceuticals
Portola Pharmaceuticals, Inc.;€308.2;07.11.20;Major Pharmaceuticals
Reliv' International, Inc.;€405.68;10.03.21;Major Pharmaceuticals
Galmed Pharmaceuticals Ltd.;€375.37;29.11.20;Major Pharmaceuticals
Galmed Pharmaceuticals Ltd.;€134.98;11.07.20;Major Pharmaceuticals
Sage Therapeutics, Inc.;€359.88;30.10.20;Major Pharmaceuticals
Ionis Pharmaceuticals, Inc.;€467.92;05.03.21;Major Pharmaceuticals
Advaxis, Inc.;€287.87;11.10.20;Major Pharmaceuticals
Abeona Therapeutics Inc.;€138.05;24.08.20;Major Pharmaceuticals
Arena Pharmaceuticals, Inc.;€58.61;28.03.21;Major Pharmaceuticals
Akebia Therapeutics, Inc.;€114.3;18.04.21;Major Pharmaceuticals
Bristol-Myers Squibb Company;€594.58;31.10.20;Major Pharmaceuticals
Pain Therapeutics, Inc.;€360.48;16.08.20;Major Pharmaceuticals
Adamis Pharmaceuticals Corporation;€164.01;26.03.21;Major Pharmaceuticals
Adamis Pharmaceuticals Corporation;€473.33;26.03.21;Major Pharmaceuticals
Kamada Ltd.;€148.23;01.05.21;Major Pharmaceuticals
Nexvet Biopharma plc;€260.23;19.05.20;Major Pharmaceuticals
United Therapeutics Corporation;€69.95;29.03.21;Major Pharmaceuticals
ArQule, Inc.;€158.61;21.10.20;Major Pharmaceuticals
Biostar Pharmaceuticals, Inc.;€309.25;06.06.20;Major Pharmaceuticals
Soligenix, Inc.;€490.76;15.12.20;Major Pharmaceuticals
Patheon N.V.;€207.67;13.10.20;Major Pharmaceuticals
Sonoma Pharmaceuticals, Inc.;€362.27;12.11.20;Major Pharmaceuticals
Eyegate Pharmaceuticals, Inc.;€117.33;20.03.21;Major Pharmaceuticals
The Medicines Company;€563.35;27.12.20;Major Pharmaceuticals
Fibrocell Science Inc;€473.43;19.11.20;Major Pharmaceuticals
Novartis AG;€564.46;17.04.21;Major Pharmaceuticals
Aduro Biotech, Inc.;€570.13;11.04.21;Major Pharmaceuticals
Omeros Corporation;€185.43;10.05.20;Major Pharmaceuticals
Immuron Limited;€68.2;27.09.20;Major Pharmaceuticals
Intercept Pharmaceuticals, Inc.;€70.65;16.08.20;Major Pharmaceuticals
Edge Therapeutics, Inc.;€411.66;28.04.21;Major Pharmaceuticals
Aralez Pharmaceuticals Inc.;€318.58;27.05.20;Major Pharmaceuticals
Intellipharmaceutics International Inc.;€153.84;04.11.20;Major Pharmaceuticals
Xenetic Biosciences, Inc.;€471.64;25.11.20;Major Pharmaceuticals
Trillium Therapeutics Inc.;€370.63;19.06.20;Major Pharmaceuticals
Phibro Animal Health Corporation;€430.38;13.04.21;Major Pharmaceuticals
Otonomy, Inc.;€184.31;13.05.20;Major Pharmaceuticals
Aquinox Pharmaceuticals, Inc.;€427.43;07.11.20;Major Pharmaceuticals
Vanda Pharmaceuticals Inc.;€135.42;16.11.20;Major Pharmaceuticals
KalVista Pharmaceuticals, Inc.;€240.85;20.07.20;Major Pharmaceuticals
AVEO Pharmaceuticals, Inc.;€56.98;13.01.21;Major Pharmaceuticals
AVEO Pharmaceuticals, Inc.;€215.37;21.05.20;Major Pharmaceuticals
Syros Pharmaceuticals, Inc.;€382.35;27.06.20;Major Pharmaceuticals
Synergy Pharmaceuticals, Inc.;€60.3;14.11.20;Major Pharmaceuticals
Evoke Pharma, Inc.;€127.52;28.04.21;Major Pharmaceuticals
Viking Therapeutics, Inc.;€113.2;29.07.20;Major Pharmaceuticals
Puma Biotechnology Inc;€551.52;19.08.20;Major Pharmaceuticals
Supernus Pharmaceuticals, Inc.;€307.51;14.10.20;Major Pharmaceuticals
Supernus Pharmaceuticals, Inc.;€294.92;01.02.21;Major Pharmaceuticals
NeuroDerm Ltd.;€595.49;30.07.20;Major Pharmaceuticals
Xenon Pharmaceuticals Inc.;€480.08;31.12.20;Major Pharmaceuticals
Alimera Sciences, Inc.;€370.63;04.09.20;Major Pharmaceuticals
Therapix Biosciences Ltd.;€51.57;22.10.20;Major Pharmaceuticals
Assembly Biosciences, Inc.;€374.25;10.04.21;Major Pharmaceuticals
Verastem, Inc.;€567.78;30.07.20;Major Pharmaceuticals
OvaScience Inc.;€320.53;01.12.20;Major Pharmaceuticals
Agile Therapeutics, Inc.;€172.61;21.05.20;Major Pharmaceuticals
Bio-Path Holdings, Inc.;€374.11;27.12.20;Major Pharmaceuticals
Zosano Pharma Corporation;€149.79;29.10.20;Major Pharmaceuticals
Tonix Pharmaceuticals Holding Corp.;€138.26;28.11.20;Major Pharmaceuticals
AbbVie Inc.;€72.52;05.11.20;Major Pharmaceuticals
SEACOR Holdings, Inc.;€332.58;06.05.20;Marine Transportation
Star Bulk Carriers Corp.;€427.27;11.12.20;Marine Transportation
Diana Shipping inc.;€139.52;07.02.21;Marine Transportation
Seanergy Maritime Holdings Corp;€125.29;14.10.20;Marine Transportation
Teekay Tankers Ltd.;€479.48;03.03.21;Marine Transportation
Marine Products Corporation;€257.15;12.02.21;Marine Transportation
Carnival Corporation;€589.27;17.06.20;Marine Transportation
Scorpio Bulkers Inc.;€539.59;05.08.20;Marine Transportation
Leucadia National Corporation;€578.28;17.11.20;Meat/Poultry/Fish
AAC Holdings, Inc.;€280.32;23.03.21;Medical Specialities
Anthem, Inc.;€304.84;03.01.21;Medical Specialities
Humana Inc.;€273.84;15.05.20;Medical Specialities
Laboratory Corporation of America Holdings;€272.28;13.10.20;Medical Specialities
Biocept, Inc.;€290.31;16.12.20;Medical Specialities
OpGen, Inc.;€296.25;05.05.20;Medical Specialities
InVivo Therapeutics Holdings Corp.;€332.94;01.10.20;Medical/Dental Instruments
Atrion Corporation;€353.12;15.06.20;Medical/Dental Instruments
Surmodics, Inc.;€589.91;03.06.20;Medical/Dental Instruments
Surmodics, Inc.;€462.84;10.10.20;Medical/Dental Instruments
Becton, Dickinson and Company;€414.28;02.09.20;Medical/Dental Instruments
Atossa Genetics Inc.;€60.35;23.07.20;Medical/Dental Instruments
Antares Pharma, Inc.;€432.25;15.07.20;Medical/Dental Instruments
Sensus Healthcare, Inc.;€343.89;08.11.20;Medical/Dental Instruments
Sensus Healthcare, Inc.;€355.84;28.04.21;Medical/Dental Instruments
Merit Medical Systems, Inc.;€559.41;09.03.21;Medical/Dental Instruments
Presbia PLC;€531.52;22.07.20;Medical/Dental Instruments
iRhythm Technologies, Inc.;€263.83;31.01.21;Medical/Dental Instruments
Baxter International Inc.;€186.72;01.06.20;Medical/Dental Instruments
Globus Medical, Inc.;€440.62;15.12.20;Medical/Dental Instruments
Interpace Diagnostics Group, Inc.;€324.38;20.01.21;Medical/Dental Instruments
TearLab Corporation;€585.91;01.12.20;Medical/Dental Instruments
Express Scripts Holding Company;€376.56;09.06.20;Medical/Nursing Services
Chemed Corp.;€60.4;02.10.20;Medical/Nursing Services
Pharmerica Corporation;€53.71;18.03.21;Medical/Nursing Services
NN, Inc.;€123.83;27.09.20;Metal Fabrications
Franklin Electric Co., Inc.;€182.6;18.12.20;Metal Fabrications
Global Brass and Copper Holdings, Inc.;€210.66;03.09.20;Metal Fabrications
Generac Holdlings Inc.;€253.92;28.01.21;Metal Fabrications
Jacobs Engineering Group Inc.;€374.16;10.04.21;Military/Government/Technical
Hill International, Inc.;€115.91;26.06.20;Military/Government/Technical
Amec Plc Ord;€371.79;28.09.20;Military/Government/Technical
Amec Plc Ord;€367.42;23.03.21;Military/Government/Technical
AECOM;€341.85;23.09.20;Military/Government/Technical
Stantec Inc;€57.86;07.08.20;Military/Government/Technical
Emerge Energy Services LP;€473.89;22.12.20;Mining & Quarrying of Nonmetallic Minerals (No Fuels)
Daktronics, Inc.;€437.25;06.07.20;Miscellaneous manufacturing industries
Daktronics, Inc.;€51.4;11.10.20;Miscellaneous manufacturing industries
Jason Industries, Inc.;€457.79;21.08.20;Miscellaneous manufacturing industries
Entertainment Gaming Asia Incorporated;€202.26;09.10.20;Miscellaneous manufacturing industries
Reading International Inc;€250.67;21.04.21;Movies/Entertainment
Reading International Inc;€390.72;18.06.20;Movies/Entertainment
Cinemark Holdings Inc;€262.06;18.09.20;Movies/Entertainment
Enbridge Inc;€356.16;02.11.20;Natural Gas Distribution
PBF Logistics LP;€426.01;21.11.20;Natural Gas Distribution
Holly Energy Partners, L.P.;€264.3;24.12.20;Natural Gas Distribution
Delek Logistics Partners, L.P.;€538.89;27.03.21;Natural Gas Distribution
Energy Transfer Equity, L.P.;€207.05;29.08.20;Natural Gas Distribution
ONEOK Partners, L.P.;€314.2;17.12.20;Natural Gas Distribution
Enable Midstream Partners, LP;€74.1;28.11.20;Natural Gas Distribution
EnLink Midstream, LLC;€80.98;16.09.20;Natural Gas Distribution
TheStreet, Inc.;€527.93;25.07.20;Newspapers/Magazines
TheStreet, Inc.;€181.17;17.12.20;Newspapers/Magazines
Diebold Nixdorf Incorporated;€529.05;01.09.20;Office Equipment/Supplies/Services
Diebold Nixdorf Incorporated;€80.99;26.05.20;Office Equipment/Supplies/Services
NCR Corporation;€181.09;30.08.20;Office Equipment/Supplies/Services
Verifone Systems, Inc.;€419.69;17.10.20;Office Equipment/Supplies/Services
Steelcase Inc.;€186.55;09.11.20;Office Equipment/Supplies/Services
Penn Virginia Corporation;€361.76;31.12.20;Oil & Gas Production
Transocean Ltd.;€464.86;20.06.20;Oil & Gas Production
Southwestern Energy Company;€325.6;22.12.20;Oil & Gas Production
Southwestern Energy Company;€544.55;31.12.20;Oil & Gas Production
Southwestern Energy Company;€343.15;07.10.20;Oil & Gas Production
Denbury Resources Inc.;€269.17;26.09.20;Oil & Gas Production
Denbury Resources Inc.;€250.15;30.06.20;Oil & Gas Production
SandRidge Mississippian Trust I;€216.35;21.04.21;Oil & Gas Production
Rowan Companies plc;€262.25;16.12.20;Oil & Gas Production
Rowan Companies plc;€101.55;02.10.20;Oil & Gas Production
Precision Drilling Corporation;€446.6;26.09.20;Oil & Gas Production
Pembina Pipeline Corp.;€68.67;04.12.20;Oil & Gas Production
Stone Energy Corporation;€288.93;12.12.20;Oil & Gas Production
Noble Energy Inc.;€568.08;05.01.21;Oil & Gas Production
Sundance Energy Australia Limited;€77.88;20.09.20;Oil & Gas Production
Isramco, Inc.;€486.37;23.09.20;Oil & Gas Production
Marathon Oil Corporation;€173.07;20.12.20;Oil & Gas Production
Panhandle Royalty Company;€194.92;22.06.20;Oil & Gas Production
ENI S.p.A.;€367.82;25.07.20;Oil & Gas Production
ENI S.p.A.;€78.23;24.02.21;Oil & Gas Production
PetroChina Company Limited;€263.01;07.08.20;Oil & Gas Production
Newfield Exploration Company;€291.18;31.03.21;Oil & Gas Production
Continental Resources, Inc.;€385.44;28.09.20;Oil & Gas Production
Encana Corporation;€315.76;13.10.20;Oil & Gas Production
Mesa Royalty Trust;€206.17;22.10.20;Oil & Gas Production
CNOOC Limited;€393.91;25.08.20;Oil & Gas Production
Abraxas Petroleum Corporation;€500.42;12.10.20;Oil & Gas Production
Hunter Maritime Acquisition Corp.;€329.18;22.11.20;Oil Refining/Marketing
NGL ENERGY PARTNERS LP;€374.8;16.06.20;Oil Refining/Marketing
Martin Midstream Partners L.P.;€57.16;28.11.20;Oil Refining/Marketing
C.H. Robinson Worldwide, Inc.;€339.92;09.01.21;Oil Refining/Marketing
Roadrunner Transportation Systems, Inc;€521.02;26.01.21;Oil Refining/Marketing
Spire Inc.;€564.9;01.08.20;Oil/Gas Transmission
Northwest Natural Gas Company;€417.59;11.01.21;Oil/Gas Transmission
Northwest Natural Gas Company;€112.0;19.01.21;Oil/Gas Transmission
ProPetro Holding Corp.;€498.45;24.10.20;Oilfield Services/Equipment
North American Energy Partners, Inc.;€232.04;14.10.20;Oilfield Services/Equipment
Eco-Stim Energy Solutions, Inc.;€506.63;30.04.21;Oilfield Services/Equipment
CSI Compressco LP;€76.59;16.03.21;Oilfield Services/Equipment
Cooper Companies, Inc. (The);€316.25;29.09.20;Ophthalmic Goods
Vista Outdoor Inc.;€569.08;19.09.20;Ordnance And Accessories
Hailiang Education Group Inc.;€171.5;17.07.20;Other Consumer Services
ATA Inc.;€521.03;02.08.20;Other Consumer Services
Weight Watchers International Inc;€487.9;29.07.20;Other Consumer Services
Weight Watchers International Inc;€331.46;21.05.20;Other Consumer Services
Jupai Holdings Limited;€317.12;12.02.21;Other Consumer Services
Johnson Controls International plc;€353.11;15.06.20;Other Consumer Services
TAL Education Group;€468.93;18.07.20;Other Consumer Services
Chegg, Inc.;€594.82;29.08.20;Other Consumer Services
Laureate Education, Inc.;€392.38;17.10.20;Other Consumer Services
Bright Horizons Family Solutions Inc.;€174.84;16.04.21;Other Consumer Services
FTD Companies, Inc.;€349.58;19.01.21;Other Consumer Services
FTD Companies, Inc.;€599.6;11.07.20;Other Consumer Services
Aceto Corporation;€222.67;08.06.20;Other Pharmaceuticals
Aceto Corporation;€129.78;22.01.21;Other Pharmaceuticals
Nu Skin Enterprises, Inc.;€62.19;08.01.21;Other Pharmaceuticals
A-Mark Precious Metals, Inc.;€497.35;18.12.20;Other Specialty Stores
ZAGG Inc;€277.1;05.01.21;Other Specialty Stores
Sally Beauty Holdings, Inc.;€581.77;30.09.20;Other Specialty Stores
Sally Beauty Holdings, Inc.;€515.46;31.01.21;Other Specialty Stores
Jumei International Holding Limited;€328.85;03.12.20;Other Specialty Stores
Jumei International Holding Limited;€452.17;20.02.21;Other Specialty Stores
Acorn International, Inc.;€343.3;22.12.20;Other Specialty Stores
Ulta Beauty, Inc.;€154.88;02.03.21;Other Specialty Stores
General Mills, Inc.;€549.95;10.08.20;Packaged Foods
General Mills, Inc.;€68.8;23.01.21;Packaged Foods
McCormick & Company, Incorporated;€127.15;01.05.21;Packaged Foods
Lancaster Colony Corporation;€532.05;11.12.20;Packaged Foods
B&G Foods, Inc.;€122.53;18.12.20;Packaged Foods
Essendant Inc.;€553.69;24.07.20;Paper
Berry Global Group, Inc.;€86.46;10.05.20;Plastic Products
Perma-Pipe International Holdings, Inc.;€224.64;07.09.20;Pollution Control Equipment
Pacific Gas & Electric Co.;€503.49;03.08.20;Power Generation
Entergy New Orleans, Inc.;€167.24;11.04.21;Power Generation
Entergy New Orleans, Inc.;€458.37;04.12.20;Power Generation
Uranium Resources, Inc.;€70.78;16.08.20;Precious Metals
Pershing Gold Corporation;€321.29;24.03.21;Precious Metals
Dominion Diamond Corporation;€242.15;05.05.20;Precious Metals
Yamana Gold Inc.;€298.96;06.07.20;Precious Metals
Royal Gold, Inc.;€206.33;12.02.21;Precious Metals
Rennova Health, Inc.;€480.11;25.07.20;Precision Instruments
Booz Allen Hamilton Holding Corporation;€549.51;01.02.21;Professional Services
Kforce, Inc.;€301.23;09.06.20;Professional Services
Kforce, Inc.;€278.01;25.01.21;Professional Services
Navigant Consulting, Inc.;€547.31;09.01.21;Professional Services
Cross Country Healthcare, Inc.;€197.46;16.12.20;Professional Services
Blue Capital Reinsurance Holdings Ltd.;€225.92;24.02.21;Property-Casualty Insurers
The Hanover Insurance Group, Inc.;€527.33;22.10.20;Property-Casualty Insurers
Employers Holdings Inc;€501.81;15.01.21;Property-Casualty Insurers
Donegal Group, Inc.;€520.06;13.12.20;Property-Casualty Insurers
State National Companies, Inc.;€99.48;18.01.21;Property-Casualty Insurers
State National Companies, Inc.;€112.78;20.08.20;Property-Casualty Insurers
First Acceptance Corporation;€104.86;22.09.20;Property-Casualty Insurers
Till Capital Ltd.;€254.61;14.08.20;Property-Casualty Insurers
Heritage Insurance Holdings, Inc.;€590.35;13.07.20;Property-Casualty Insurers
NMI Holdings Inc;€582.53;07.01.21;Property-Casualty Insurers
Alleghany Corporation;€272.39;09.09.20;Property-Casualty Insurers
1347 Property Insurance Holdings, Inc.;€346.49;13.07.20;Property-Casualty Insurers
Thomson Reuters Corp;€95.11;16.11.20;Publishing
R.R. Donnelley & Sons Company;€332.6;01.02.21;Publishing
Pointer Telocation Ltd.;€175.08;01.08.20;Radio And Television Broadcasting And Communications Equipment
SeaChange International, Inc.;€545.03;26.03.21;Radio And Television Broadcasting And Communications Equipment
L3 Technologies, Inc.;€113.95;22.11.20;Radio And Television Broadcasting And Communications Equipment
Ceragon Networks Ltd.;€301.81;30.05.20;Radio And Television Broadcasting And Communications Equipment
Freightcar America, Inc.;€246.72;25.05.20;Railroads
Freightcar America, Inc.;€489.44;02.08.20;Railroads
Freightcar America, Inc.;€301.4;12.12.20;Railroads
Freightcar America, Inc.;€267.21;17.06.20;Railroads
Canadian National Railway Company;€445.5;06.12.20;Railroads
Canadian Pacific Railway Limited;€328.74;31.05.20;Railroads
USD Partners LP;€395.25;16.01.21;Railroads
Gazit-Globe Ltd.;€323.1;24.08.20;Real Estate
Gazit-Globe Ltd.;€330.31;31.03.21;Real Estate
Yangtze River Development Limited;€285.61;02.11.20;Real Estate
Hudson Pacific Properties, Inc.;€407.89;02.05.20;Real Estate
Altisource Residential Corporation;€521.06;28.05.20;Real Estate
MMA Capital Management, LLC;€129.16;16.12.20;Real Estate
Forestar Group Inc;€273.67;19.09.20;Real Estate
Cresud S.A.C.I.F. y A.;€94.4;05.12.20;Real Estate
Cresud S.A.C.I.F. y A.;€151.78;29.07.20;Real Estate
Brookfield Property Partners L.P.;€256.82;05.01.21;Real Estate
Getty Realty Corporation;€132.44;11.08.20;Real Estate
Manhattan Bridge Capital, Inc;€315.23;06.09.20;Real Estate Investment Trusts
Senior Housing Properties Trust;€176.98;14.02.21;Real Estate Investment Trusts
Ellington Residential Mortgage REIT;€378.67;06.04.21;Real Estate Investment Trusts
Public Storage;€400.93;27.05.20;Real Estate Investment Trusts
Public Storage;€372.62;14.05.20;Real Estate Investment Trusts
Public Storage;€294.72;07.01.21;Real Estate Investment Trusts
Public Storage;€501.92;03.12.20;Real Estate Investment Trusts
Public Storage;€455.63;17.10.20;Real Estate Investment Trusts
Public Storage;€295.93;04.09.20;Real Estate Investment Trusts
Public Storage;€115.8;18.01.21;Real Estate Investment Trusts
Education Realty Trust Inc.;€153.38;03.03.21;Real Estate Investment Trusts
Education Realty Trust Inc.;€384.0;31.05.20;Real Estate Investment Trusts
Omega Healthcare Investors, Inc.;€278.03;14.03.21;Real Estate Investment Trusts
iStar Financial Inc.;€348.72;15.08.20;Real Estate Investment Trusts
iStar Financial Inc.;€334.29;23.04.21;Real Estate Investment Trusts
Orchid Island Capital, Inc.;€344.09;07.02.21;Real Estate Investment Trusts
Vornado Realty Trust;€177.65;13.03.21;Real Estate Investment Trusts
Vornado Realty Trust;€291.38;19.08.20;Real Estate Investment Trusts
Vornado Realty Trust;€134.22;26.04.21;Real Estate Investment Trusts
Mid-America Apartment Communities, Inc.;€459.57;07.10.20;Real Estate Investment Trusts
Regency Centers Corporation;€70.03;01.11.20;Real Estate Investment Trusts
Regency Centers Corporation;€353.67;06.05.20;Real Estate Investment Trusts
Alexandria Real Estate Equities, Inc.;€557.83;15.10.20;Real Estate Investment Trusts
Alexander's, Inc.;€477.84;15.03.21;Real Estate Investment Trusts
Select Income REIT;€346.96;11.03.21;Real Estate Investment Trusts
Howard Hughes Corporation (The);€577.42;13.05.20;Real Estate Investment Trusts
Cedar Realty Trust, Inc.;€417.37;04.11.20;Real Estate Investment Trusts
Federal Realty Investment Trust;€102.78;26.02.21;Real Estate Investment Trusts
Weingarten Realty Investors;€527.84;12.05.20;Real Estate Investment Trusts
DDR Corp.;€119.51;15.04.21;Real Estate Investment Trusts
DDR Corp.;€281.84;03.12.20;Real Estate Investment Trusts
Retail Properties of America, Inc.;€275.02;11.05.20;Real Estate Investment Trusts
Prologis, Inc.;€185.92;29.08.20;Real Estate Investment Trusts
National Retail Properties;€479.45;05.07.20;Real Estate Investment Trusts
HCP, Inc.;€590.43;30.08.20;Real Estate Investment Trusts
American Campus Communities Inc;€144.3;22.07.20;Real Estate Investment Trusts
MFA Financial, Inc.;€409.23;14.04.21;Real Estate Investment Trusts
Colony Starwood Homes;€231.11;21.01.21;Real Estate Investment Trusts
Gladstone Land Corporation;€350.67;04.09.20;Real Estate Investment Trusts
Jernigan Capital, Inc.;€99.5;15.07.20;Real Estate Investment Trusts
Jernigan Capital, Inc.;€113.42;04.12.20;Real Estate Investment Trusts
Kilroy Realty Corporation;€540.88;23.07.20;Real Estate Investment Trusts
MTGE Investment Corp.;€488.01;30.06.20;Real Estate Investment Trusts
Chatham Lodging Trust (REIT);€336.64;18.08.20;Real Estate Investment Trusts
Western Asset Mortgage Capital Corporation;€92.01;20.03.21;Real Estate Investment Trusts
Western Asset Mortgage Capital Corporation;€559.24;10.03.21;Real Estate Investment Trusts
Gramercy Property Trust;€526.48;09.02.21;Real Estate Investment Trusts
Saul Centers, Inc.;€538.55;03.02.21;Real Estate Investment Trusts
Physicians Realty Trust;€294.35;11.10.20;Real Estate Investment Trusts
Great Ajax Corp.;€420.63;23.06.20;Real Estate Investment Trusts
Great Ajax Corp.;€332.32;24.03.21;Real Estate Investment Trusts
Macerich Company (The);€165.21;15.07.20;Real Estate Investment Trusts
Transcontinental Realty Investors, Inc.;€239.31;15.11.20;Real Estate Investment Trusts
AvalonBay Communities, Inc.;€428.01;25.02.21;Real Estate Investment Trusts
Tanger Factory Outlet Centers, Inc.;€162.97;02.08.20;Real Estate Investment Trusts
RAIT Financial Trust;€395.4;26.03.21;Real Estate Investment Trusts
Sutherland Asset Management Corporation;€224.9;03.02.21;Real Estate Investment Trusts
Duke Realty Corporation;€289.4;29.05.20;Real Estate Investment Trusts
Johnson Outdoors Inc.;€344.99;16.10.20;Recreational Products/Toys
Mattel, Inc.;€191.78;09.02.21;Recreational Products/Toys
SP Plus Corporation;€544.91;22.05.20;Rental/Leasing Companies
Amerco;€441.6;04.05.20;Rental/Leasing Companies
Amerco;€595.83;20.02.21;Rental/Leasing Companies
eHi Car Services Limited;€427.9;23.09.20;Rental/Leasing Companies
Fiesta Restaurant Group, Inc.;€492.14;13.11.20;Restaurants
Jamba, Inc.;€204.83;28.01.21;Restaurants
Chuy's Holdings, Inc.;€343.59;26.05.20;Restaurants
Bravo Brio Restaurant Group, Inc.;€304.87;20.12.20;Restaurants
Bravo Brio Restaurant Group, Inc.;€173.48;30.04.21;Restaurants
Ark Restaurants Corp.;€363.96;02.03.21;Restaurants
Jack In The Box Inc.;€583.7;09.11.20;Restaurants
Arcos Dorados Holdings Inc.;€400.96;15.10.20;Restaurants
Yum China Holdings, Inc.;€386.42;25.02.21;Restaurants
Home Depot, Inc. (The);€120.18;12.10.20;RETAIL: Building Materials
Tech Data Corporation;€398.06;03.07.20;Retail: Computer Software & Peripheral Equipment
Brookline Bancorp, Inc.;€235.13;23.02.21;Savings Institutions
HSBC Holdings plc;€309.99;23.09.20;Savings Institutions
HSBC Holdings plc;€477.04;11.07.20;Savings Institutions
Hamilton Bancorp, Inc.;€565.25;24.07.20;Savings Institutions
Sunshine Bancorp, Inc.;€67.85;26.05.20;Savings Institutions
Atlantic Coast Financial Corporation;€382.29;12.07.20;Savings Institutions
Carver Bancorp, Inc.;€510.89;23.11.20;Savings Institutions
Magyar Bancorp, Inc.;€582.66;20.07.20;Savings Institutions
ChipMOS TECHNOLOGIES INC.;€140.69;09.04.21;Semiconductors
Cavium, Inc.;€93.63;06.05.20;Semiconductors
Tower Semiconductor Ltd.;€209.19;09.09.20;Semiconductors
Rambus, Inc.;€414.63;10.09.20;Semiconductors
NVIDIA Corporation;€191.38;23.01.21;Semiconductors
NVIDIA Corporation;€315.52;07.03.21;Semiconductors
Ambarella, Inc.;€437.71;18.05.20;Semiconductors
AXT Inc;€456.33;17.03.21;Semiconductors
Sequans Communications S.A.;€513.95;08.12.20;Semiconductors
Skyworks Solutions, Inc.;€279.31;14.08.20;Semiconductors
Amkor Technology, Inc.;€82.38;15.06.20;Semiconductors
Hanwha Q CELLS Co., Ltd. ;€114.77;16.06.20;Semiconductors
STMicroelectronics N.V.;€457.28;28.07.20;Semiconductors
JinkoSolar Holding Company Limited;€89.29;24.12.20;Semiconductors
Monolithic Power Systems, Inc.;€201.78;23.01.21;Semiconductors
Applied Optoelectronics, Inc.;€310.1;29.06.20;Semiconductors
Sigma Designs, Inc.;€223.36;11.05.20;Semiconductors
Caleres, Inc.;€365.95;29.05.20;Shoe Manufacturing
Innophos Holdings, Inc.;€99.01;07.01.21;Specialty Chemicals
ChromaDex Corporation;€377.73;26.11.20;Specialty Chemicals
ChromaDex Corporation;€233.31;15.08.20;Specialty Chemicals
CTI Industries Corporation;€226.66;17.05.20;Specialty Chemicals
J & J Snack Foods Corp.;€496.15;12.04.21;Specialty Foods
Snyder's-Lance, Inc.;€122.11;08.02.21;Specialty Foods
Bridgford Foods Corporation;€57.89;12.04.21;Specialty Foods
Stewart Information Services Corporation;€224.48;02.07.20;Specialty Insurers
Health Insurance Innovations, Inc.;€55.08;21.05.20;Specialty Insurers
Synalloy Corporation;€417.33;24.02.21;Steel/Iron Ore
AK Steel Holding Corporation;€278.27;28.01.21;Steel/Iron Ore
Timken Steel Corporation;€589.76;16.07.20;Steel/Iron Ore
Otelco Inc.;€546.79;17.06.20;Telecommunications Equipment
America Movil, S.A.B. de C.V.;€558.51;09.02.21;Telecommunications Equipment
Iridium Communications Inc;€76.98;21.03.21;Telecommunications Equipment
Telefonica SA;€60.83;26.06.20;Telecommunications Equipment
Spok Holdings, Inc.;€331.19;10.08.20;Telecommunications Equipment
DigitalGlobe, Inc;€117.53;08.06.20;Telecommunications Equipment
Qwest Corporation;€568.62;25.10.20;Telecommunications Equipment
Qwest Corporation;€123.27;11.01.21;Telecommunications Equipment
Partner Communications Company Ltd.;€135.93;16.11.20;Telecommunications Equipment
TIM Participacoes S.A.;€498.6;10.03.21;Telecommunications Equipment
j2 Global, Inc.;€459.36;05.03.21;Telecommunications Equipment
Level 3 Communications, Inc.;€153.52;11.08.20;Telecommunications Equipment
Cellcom Israel, Ltd.;€379.3;21.06.20;Telecommunications Equipment
pdvWireless, Inc.;€401.95;12.01.21;Telecommunications Equipment
Cincinnati Bell Inc;€109.07;20.09.20;Telecommunications Equipment
Discovery Communications, Inc.;€550.29;18.03.21;Television Services
Videocon d2h Limited;€312.53;21.08.20;Television Services
Comcast Corporation;€154.35;15.01.21;Television Services
Comcast Corporation;€450.79;22.09.20;Television Services
Scripps Networks Interactive, Inc;€270.58;05.11.20;Television Services
Hemisphere Media Group, Inc.;€551.73;05.12.20;Television Services
Crown Crafts, Inc.;€392.3;11.08.20;Textiles
Albany International Corporation;€329.22;29.05.20;Textiles
Era Group, Inc.;€443.14;25.11.20;Transportation Services
Tuniu Corporation;€66.76;02.12.20;Transportation Services
Celadon Group, Inc.;€501.44;25.04.21;Trucking Freight/Courier Services
Celadon Group, Inc.;€448.97;08.02.21;Trucking Freight/Courier Services
Old Dominion Freight Line, Inc.;€539.26;07.05.20;Trucking Freight/Courier Services
Heartland Express, Inc.;€596.46;15.12.20;Trucking Freight/Courier Services
Marten Transport, Ltd.;€494.48;14.03.21;Trucking Freight/Courier Services
Pimco Municipal Income Fund II;€329.27;12.02.21;Unknown
Hercules Capital, Inc.;€83.88;05.04.21;Unknown
PowerShares High Yield Equity Dividend Achievers Portfolio;€494.06;03.08.20;Unknown
PowerShares High Yield Equity Dividend Achievers Portfolio;€333.6;10.10.20;Unknown
iShares MSCI Emerging Markets Asia Index Fund;€580.88;05.08.20;Unknown
Citigroup Inc.;€334.03;03.02.21;Unknown
Citigroup Inc.;€168.02;02.11.20;Unknown
Citigroup Inc.;€202.62;05.06.20;Unknown
Solar Senior Capital Ltd.;€307.65;18.12.20;Unknown
Solar Senior Capital Ltd.;€468.65;22.12.20;Unknown
USLIFE Income Fund, Inc.;€240.95;25.05.20;Unknown
BlackRock Resources;€453.14;01.06.20;Unknown
J P Morgan Chase & Co;€401.39;05.02.21;Unknown
BLDRS Asia 50 ADR Index Fund;€293.89;03.10.20;Unknown
Blackrock MuniHoldings Fund II, Inc.;€164.19;08.09.20;Unknown
PowerShares KBW Premium Yield Equity REIT Portfolio;€220.02;21.02.21;Unknown
Blackrock MuniHoldings Quality Fund, Inc.;€443.75;14.07.20;Unknown
Fifth Street Finance Corp.;€590.9;15.08.20;Unknown
SG Blocks, Inc.;€171.4;26.03.21;Unknown
TCG BDC, Inc.;€110.04;01.09.20;Unknown
Nuveen High Income December 2019 Target Term Fund;€352.02;05.07.20;Unknown
AquaBounty Technologies, Inc.;€167.76;03.01.21;Unknown
Gabelli Convertible and Income Securities Fund, Inc. (The);€119.13;06.09.20;Unknown
Eaton Vance Tax-Managed Buy-Write Income Fund;€290.83;24.10.20;Unknown
TCP Capital Corp.;€286.5;23.11.20;Unknown
Community First Bancshares, Inc.;€62.31;30.12.20;Unknown
Templeton Dragon Fund, Inc.;€254.72;06.11.20;Unknown
iShares Nasdaq Biotechnology Index Fund;€93.83;01.10.20;Unknown
iShares Nasdaq Biotechnology Index Fund;€374.1;08.02.21;Unknown
The Organics ETF;€528.36;03.01.21;Unknown
First Trust Mid Cap Value AlphaDEX Fund;€301.37;18.10.20;Unknown
Scudder Strategic Municiple Income Trust;€105.91;09.12.20;Unknown
Federal Agricultural Mortgage Corporation;€314.13;05.08.20;Unknown
Dreyfus Strategic Municipals, Inc.;€493.73;30.03.21;Unknown
Rand Capital Corporation;€248.88;09.11.20;Unknown
PowerShares FTSE International Low Beta Equal Weight Portfolio;€297.34;01.12.20;Unknown
PowerShares FTSE International Low Beta Equal Weight Portfolio;€293.33;26.09.20;Unknown
PowerShares DWA Momentum & Low Volatility Rotation Portfolio;€166.65;15.03.21;Unknown
KeyCorp;€478.95;31.07.20;Unknown
Seaspan Corporation;€520.51;07.12.20;Unknown
Seaspan Corporation;€489.47;21.11.20;Unknown
ARMOUR Residential REIT, Inc.;€220.96;26.02.21;Unknown
iShares Commodities Select Strategy ETF;€161.6;27.11.20;Unknown
European Equity Fund, Inc. (The);€55.34;07.06.20;Unknown
Apollo Investment Corporation;€133.28;07.10.20;Unknown
MFS Municipal Income Trust;€58.75;09.07.20;Unknown
iShares MSCI ACWI Index Fund;€211.29;12.04.21;Unknown
Principal Real Estate Income Fund;€477.79;22.03.21;Unknown
WisdomTree Emerging Markets Quality Dividend Growth Fund;€573.78;15.03.21;Unknown
WisdomTree Emerging Markets Quality Dividend Growth Fund;€538.47;03.08.20;Unknown
M I Acquisitions, Inc.;€553.02;05.05.20;Unknown
PIMCO Strategic Income Fund, Inc.;€494.03;19.04.21;Unknown
Legg Mason BW Global Income Opportunities Fund Inc.;€118.0;16.05.20;Unknown
PIMCO Commercial Mortgage Securities Trust, Inc.;€124.09;12.04.21;Unknown
PowerShares DWA NASDAQ Momentum Portfolio;€170.43;10.01.21;Unknown
PIMCO Municipal Income Fund;€469.59;03.07.20;Unknown
John Hancock Investors Trust;€231.54;09.01.21;Unknown
John Hancock Investors Trust;€51.65;26.03.21;Unknown
Commerce Union Bancshares, Inc.;€79.16;23.04.21;Unknown
iShares FTSE EPRA/NAREIT Global Real Estate ex-U.S. Index Fund;€440.83;23.06.20;Unknown
iShares FTSE EPRA/NAREIT Global Real Estate ex-U.S. Index Fund;€525.6;01.03.21;Unknown
iShares FTSE EPRA/NAREIT Global Real Estate ex-U.S. Index Fund;€372.54;02.08.20;Unknown
Tekla World Healthcare Fund;€579.21;01.05.21;Unknown
Washington Real Estate Investment Trust;€554.39;29.03.21;Unknown
Gramercy Property Trust Inc.;€377.04;26.07.20;Unknown
FIRST REPUBLIC BANK;€580.11;04.05.20;Unknown
FIRST REPUBLIC BANK;€209.26;17.08.20;Unknown
MS Income Securities, Inc.;€306.65;04.10.20;Unknown
First Trust Switzerland AlphaDEX Fund;€338.99;25.12.20;Unknown
Chesapeake Lodging Trust;€447.03;03.10.20;Unknown
Capitala Finance Corp.;€409.7;15.04.21;Unknown
Capitala Finance Corp.;€98.68;03.10.20;Unknown
SunTrust Banks, Inc.;€354.7;09.05.20;Unknown
First Trust Strategic High Income Fund II;€578.0;21.02.21;Unknown
Hingham Institution for Savings;€74.44;11.07.20;Unknown
Hingham Institution for Savings;€173.46;08.11.20;Unknown
Brasilagro Cia Brasileira De Propriedades Agricolas;€96.87;01.12.20;Unknown
PowerShares DWA Consumer Staples Momentum Portfolio;€531.35;09.01.21;Unknown
Nuveen California Municipal Value Fund 2;€421.3;26.03.21;Unknown
PowerShares DWA Basic Materials Momentum Portfolio;€506.78;19.04.21;Unknown
Tortoise Power and Energy Infrastructure Fund, Inc;€467.97;03.02.21;Unknown
Tortoise Power and Energy Infrastructure Fund, Inc;€586.49;28.05.20;Unknown
Blackrock New York Municipal Bond Trust;€102.67;27.04.21;Unknown
Protective Life Corporation;€204.84;20.10.20;Unknown
Monroe Capital Corporation;€380.39;31.12.20;Unknown
Purefunds Solactive FinTech ETF;€146.08;06.12.20;Unknown
First Trust NASDAQ-100 Ex-Technology Sector Index Fund;€407.86;22.12.20;Unknown
NextEra Energy, Inc.;€405.57;29.07.20;Unknown
VictoryShares Developed Enhanced Volatility Wtd ETF;€354.36;12.02.21;Unknown
Royal Bank Of Canada;€123.84;12.01.21;Unknown
Royal Bank Of Canada;€267.21;29.03.21;Unknown
Royce Global Value Trust, Inc.;€94.92;28.03.21;Unknown
Blackrock MuniHoldings Fund, Inc.;€198.22;10.01.21;Unknown
Hess Corporation;€439.44;21.08.20;Unknown
ClearBridge Energy MLP Opportunity Fund Inc.;€277.7;10.05.20;Unknown
ClearBridge Energy MLP Opportunity Fund Inc.;€297.62;27.03.21;Unknown
Dynegy Inc.;€427.34;14.08.20;Unknown
Dynegy Inc.;€124.69;02.03.21;Unknown
Dynegy Inc.;€51.42;20.10.20;Unknown
Vanguard Intermediate -Term Government Bond ETF;€348.87;24.01.21;Unknown
Vanguard Intermediate -Term Government Bond ETF;€434.83;30.06.20;Unknown
First Trust NASDAQ Clean Edge Green Energy Index Fund;€525.0;24.04.21;Unknown
Western Asset Managed Municipals Fund, Inc.;€573.67;23.09.20;Unknown
Western Asset Managed Municipals Fund, Inc.;€323.8;26.09.20;Unknown
PowerShares BuyBack Achievers Portfolio;€432.65;31.10.20;Unknown
AmTrust Financial Services, Inc.;€56.54;26.12.20;Unknown
AmTrust Financial Services, Inc.;€596.95;19.04.21;Unknown
First Trust Small Cap Growth AlphaDEX Fund;€563.27;18.01.21;Unknown
WisdomTree Western Asset Unconstrained Bond Fund;€103.66;06.06.20;Unknown
Fidelity Nasdaq Composite Index Tracking Stock;€442.68;05.09.20;Unknown
GasLog LP.;€73.24;16.05.20;Unknown
GasLog LP.;€144.43;29.01.21;Unknown
Athenex, Inc.;€564.56;07.03.21;Unknown
Davis Select Worldwide ETF;€221.76;18.09.20;Unknown
Cohen & Steers Total Return Realty Fund, Inc.;€400.29;20.02.21;Unknown
Blackrock MuniYield Fund, Inc.;€51.62;11.09.20;Unknown
DoubleLine Opportunistic Credit Fund;€594.81;14.10.20;Unknown
Summit Hotel Properties, Inc.;€429.73;10.01.21;Unknown
First Trust Emerging Markets AlphaDEX Fund;€209.45;26.04.21;Unknown
Alpine Global Premier Properties Fund;€491.02;12.02.21;Unknown
Alpine Global Premier Properties Fund;€580.81;11.10.20;Unknown
Gabelli Utility Trust (The);€101.08;03.03.21;Unknown
PIMCO Income Strategy Fund II;€465.61;29.07.20;Unknown
Kayne Anderson Midstream Energy Fund, Inc;€446.35;14.09.20;Unknown
Vanguard Russell 2000 Growth ETF;€558.01;03.09.20;Unknown
Dreyfus High Yield Strategies Fund;€245.17;08.11.20;Unknown
Royce Value Trust, Inc.;€498.17;02.03.21;Unknown
iShares Fallen Angels USD Bond ETF;€232.91;11.08.20;Unknown
Bank Of New York Mellon Corporation (The);€410.81;18.07.20;Unknown
Nuveen Core Equity Alpha Fund;€208.49;21.02.21;Unknown
ProShares UltraPro Short NASDAQ Biotechnology;€483.62;06.09.20;Unknown
Tsakos Energy Navigation Ltd;€78.63;15.08.20;Unknown
Tsakos Energy Navigation Ltd;€323.26;09.09.20;Unknown
Voya International High Dividend Equity Income Fund;€475.68;18.02.21;Unknown
Summit State Bank;€415.42;22.04.21;Unknown
LaSalle Hotel Properties;€355.41;16.01.21;Unknown
Saratoga Investment Corp;€191.79;20.09.20;Unknown
Blackrock MuniYield Investment QualityFund;€486.77;08.08.20;Unknown
Bank of America Corporation;€173.65;27.09.20;Unknown
Bank of America Corporation;€353.2;05.10.20;Unknown
Bank of America Corporation;€119.35;10.09.20;Unknown
Southern California Edison Company;€370.07;29.03.21;Unknown
BlackRock Income Trust Inc. (The);€378.44;29.05.20;Unknown
PIMCO California Municipal Income Fund III;€500.67;16.08.20;Unknown
PowerShares Russell 1000 Low Beta Equal Weight Portfolio;€283.12;09.04.21;Unknown
PowerShares Russell 1000 Low Beta Equal Weight Portfolio;€339.84;29.10.20;Unknown
Goldman Sachs MLP Income Opportunities Fund;€461.83;22.05.20;Unknown
Nuveen Tax-Advantaged Total Return Strategy Fund;€169.67;18.05.20;Unknown
Capital One Financial Corporation;€298.7;25.09.20;Unknown
KKR Income Opportunities Fund;€174.59;01.11.20;Unknown
Global X Millennials Thematic ETF;€141.82;28.01.21;Unknown
Putnam Municipal Opportunities Trust;€71.45;23.08.20;Unknown
iShares S&P Global Clean Energy Index Fund;€65.55;10.10.20;Unknown
GasLog Partners LP;€398.61;23.05.20;Unknown
Horizons NASDAQ-100 Covered Call ETF;€578.75;02.12.20;Unknown
Janus Henderson Small Cap Growth Alpha ETF;€240.23;25.07.20;Unknown
Oxford Lane Capital Corp.;€310.71;06.05.20;Unknown
KKR & Co. L.P.;€162.1;13.06.20;Unknown
KKR & Co. L.P.;€149.34;06.01.21;Unknown
TCF Financial Corporation;€331.39;18.10.20;Unknown
MetLife, Inc.;€442.9;04.05.20;Unknown
Colony NorthStar, Inc.;€114.27;02.04.21;Unknown
WisdomTree United Kingdom Hedged Equity Fund;€431.48;21.07.20;Unknown
Nuveen Floating Rate Income Opportuntiy Fund;€165.89;14.05.20;Unknown
BLDRS Emerging Markets 50 ADR Index Fund;€80.58;06.10.20;Unknown
PowerShares KBW Property & Casualty Insurance Portfolio;€158.4;25.06.20;Unknown
Nuveen Insured New York Select Tax-Free Income Portfolio;€596.8;27.07.20;Unknown
Nuveen Insured New York Select Tax-Free Income Portfolio;€470.34;19.01.21;Unknown
Great Elm Capital Corp.;€408.21;23.11.20;Unknown
Associated Banc-Corp;€425.72;05.11.20;Unknown
First Trust Senior Loan Fund ETF;€489.63;15.02.21;Unknown
Teekay LNG Partners L.P.;€497.18;21.07.20;Unknown
PowerShares KBW Bank Portfolio;€350.13;28.12.20;Unknown
MVC Capital, Inc.;€52.53;23.07.20;Unknown
Just Energy Group, Inc.;€422.22;31.08.20;Unknown
First Trust Alternative Absolute Return Strategy ETF;€182.7;06.10.20;Unknown
VanEck Vectors Pharmaceutical ETF;€383.8;17.12.20;Unknown
Solar Capital Ltd.;€365.61;05.09.20;Unknown
Global X Health & Wellness Thematic ETF;€261.24;29.12.20;Unknown
PowerShares S&P SmallCap Materials Portfolio;€597.51;03.10.20;Unknown
BlackRock Credit Allocation Income Trust;€557.83;24.12.20;Unknown
GSV Capital Corp;€547.26;30.01.21;Unknown
Haverty Furniture Companies, Inc.;€410.8;14.10.20;Unknown
Hersha Hospitality Trust;€145.32;31.10.20;Unknown
Hersha Hospitality Trust;€244.11;28.04.21;Unknown
Nuveen New Jersey Quality Municipal Income Fund;€193.51;05.10.20;Unknown
iShares MSCI Global Impact ETF;€374.53;08.03.21;Unknown
VALE S.A.;€358.99;16.03.21;Unknown
NRG Yield, Inc.;€241.72;28.07.20;Unknown
State Street Corporation;€57.46;11.03.21;Unknown
First Trust Dynamic Europe Equity Income Fund;€251.39;30.12.20;Unknown
TPG Specialty Lending, Inc.;€431.9;29.10.20;Unknown
THL Credit, Inc.;€533.69;26.08.20;Unknown
Apollo Senior Floating Rate Fund Inc.;€157.96;18.01.21;Unknown
Gabelli Equity Trust, Inc. (The);€137.52;15.03.21;Unknown
First Trust Taiwan AlphaDEX Fund;€286.71;09.10.20;Unknown
Dynex Capital, Inc.;€187.73;26.08.20;Unknown
RenaissanceRe Holdings Ltd.;€123.31;13.04.21;Unknown
OFG Bancorp;€485.23;11.10.20;Unknown
Parkway, Inc.;€412.08;27.04.21;Unknown
Arbor Realty Trust;€333.32;13.12.20;Unknown
Blackrock MuniYield Pennsylvania Quality Fund;€158.05;23.12.20;Unknown
iShares iBoxx $ High Yield ex Oil & Gas Corporate Bond ETF;€553.76;31.10.20;Unknown
Blackrock MuniYield California Fund, Inc.;€297.77;27.07.20;Unknown
Vanguard Total International Stock ETF;€129.39;25.01.21;Unknown
Wells Fargo & Company;€506.66;22.06.20;Unknown
Hudbay Minerals Inc.;€222.3;29.10.20;Unknown
Customers Bancorp, Inc;€111.62;09.04.21;Unknown
Cadiz, Inc.;€454.03;04.01.21;Water Supply
California Water  Service Group Holding;€434.82;12.07.20;Water Supply
Artesian Resources Corporation;€491.12;27.03.21;Water Supply
